title,link,date
Alumni Spotlight: Tyler Ketron,/blog/alumni-spotlight-tyler,2019-01-30
Avoiding Burnout,/blog/avoiding-burnout,2019-01-09
Student Interview: Sarah + Zac on Company Projects,/blog/student-interview-sarah-zac,2018-12-18
A New Tuition Option: We Make Money Only When You Do,/blog/new-tuition-option,2018-12-11
MongoDB is Easy,/blog/mongodb-is-easy,2018-12-06
Meet The Instructor: Alissa Renz,/blog/meet-the-instructor-alissa-renz,2018-11-14
Error Handling in Express,/blog/error-handling-express,2018-11-05
Four Tips for Moving Faster as a Developer,/blog/developer-productivity,2018-10-16
Five Tips to Manage the Emotional Side of a Coding Program,/blog/five-tips-emotional-management,2018-10-08
Does Emotional Intelligence Get You Paid More in Tech?,/blog/emotional-intelligence,2018-10-03
